Real CCN,Real SSN,Real FN,Real LN,Trust CCN,Trust SSN,Trust FN,Trust LN,TrustCreditCardFuzzFields,TrustCreditCardFuzzMethod,TrustConsumerFuzzFields,TrustConsumerFuzzMethod,Debt CCN,Debt SSN,Debt FN,Debt LN,DebtCreditCardFuzzFields,DebtCreditCardFuzzMethod,DebtConsumerFuzzFields,DebtConsumerFuzzMethod
'5024364711157374',294-32-2178,Cragin,Lingis,'5024364711157374',294-32-2178,Cragin,Lingis,0,0,0,0,'5024364711157374',294-32-2178,Cragin,Lingis,0,0,0,0
'7012224035103435',984-35-1327,Paulinda,Arrigo,'7012224035103435',984-35-1327,Paulinda,Arrigo,0,0,0,0,'7012224035103435',984-35-1327,Paulinda,Arrigo,0,0,0,0
'7331343756718012',337-81-5894,,Armstrong,'7331343756718012',337-81-5894,,Armstrong,0,0,0,0,'7331343756718012',337-81-5894,,Armstrong,0,0,0,0
'4029032468640833',094-67-8365,Mevlyn,Kaler,'4029032468640833',094-76-8365,Mevlyn,Kaler,0,0,4,4,'4029032468640833',094-67-8365,Mevlyn,Kaler,0,0,0,0
'7589110035263492',094-67-8365,Mevlyn,Kaler,'7589110035263492',094-76-8365,Mevlyn,Kaler,0,0,4,4,'7589110035263492',094-67-8365,Mevlyn,Kaler,0,0,0,0
'5692070169333797',094-67-8365,Mevlyn,Kaler,'5692070169333797',094-76-8365,Mevlyn,Kaler,0,0,4,4,'5692070169333797',094-67-8365,Mevlyn,Kaler,0,0,0,0
'7123117692127252',806-91-9665,Peisha,Dancho,'7123117962127252',806-91-9656,Peisha,Dancho,1,4,4,4,'7123117692127252',806-91-9665,Peisha,Dancho,0,0,0,0
'7390379086161389',515-27-5343,Zuleika,Mccowan,'7390379086161389',515-27-5343,Zuleika,Mccowan,0,0,0,0,'7390379086161389',515-27-5343,Zuleika,Mccowan,0,0,0,0
'4869715630511720',498-37-1185,Tabetha,Godfrey,'4869715630511720',498-37-1185,Tabetha,Godfrey,0,0,0,0,'4869715630511720',498-37-1185,Tabetha,Godfrey,0,0,0,0
'5428286725298560',321-02-6709,Sofia,Crozier,'5428286725298560',321-02-6709,Sofia,Crozier,0,0,0,0,'5428286725298560',321-02-6709,Sofia,Crozier,0,0,0,0
'7567821933107509',321-02-6709,Sofia,Crozier,'7567821931307509',321-02-6709,Sofia,Crozier,1,4,0,0,'7567821933107509',321-02-6709,Sofia,Crozier,0,0,0,0
'7664586623038190',886-56-0010,Zaundra,Sondrini,'7664586623038910',886-56-0010,Zaundra,Sondrini,1,4,0,0,'7664586623038190',886-56-0010,Zaundra,Sondrini,0,0,0,0
'4044413462264028',886-56-0010,Zaundra,Sondrini,'4044413462264028',886-56-0010,Zaundra,Sondrini,0,0,0,0,'4044413462264028',886-56-0010,Zaundra,Sondrini,0,0,0,0
'5135897904507309',886-56-0010,Zaundra,Sondrini,'5135897904507309',886-56-0010,Zaundra,Sondrini,0,0,0,0,'5135897904507309',886-56-0010,Zaundra,Sondrini,0,0,0,0
'5577655870033732',122-87-0745,Kameelah,Bodenstein,'5577655870033732',128-27-0745,Kameelah,Bodenstein,0,0,4,4,'5577655870033732',122-87-0745,Kameelah,Bodenstein,0,0,0,0
'5492994377421294',171-85-1629,Mercede,Swilley,'5492994377421294',171-85-1629,Mercede,Swilley,0,0,0,0,'5492994377421294',171-85-1629,Mercede,Swilley,0,0,0,0
'4030713438726934',993-55-7655,Darrold,Bob-manuel,'4030713438726934',993-55-7655,Darrold,Bob-manuel,0,0,0,0,'4030713438726934',993-55-7655,Darrold,Bob-manuel,0,0,0,0
'4296098650933215',993-55-7655,Darrold,Bob-manuel,'4296098650933215',993-55-7655,Darrold,Bob-manuel,0,0,0,0,'4296098650933215',993-55-7655,Darrold,Bob-manuel,0,0,0,0
'7520801856020319',471-90-3700,Menee,Nyland,'7520801856020319',471-90-3700,Menee,Nyland,0,0,0,0,'7520801856020319',471-90-3700,Menee,Nyland,0,0,0,0
'5815272175831665',390-80-2540,Celinda,Drengberg,'5815272175831665',390-80-2540,Celinda,Drengberg,0,0,0,0,'5815272175831665',390-80-2540,Celinda,Drengberg,0,0,0,0
'7787109928625595',061-61-2155,Thao,Cannavino,'7787109928625595',066-11-2155,Thao,Cannavino,0,0,4,4,'7787109928625595',061-61-2155,Thao,Cannavino,0,0,0,0
'5458311887542541',657-90-8519,Sabra,Gasse,'4558311887542541',657-90-8519,Sabra,Gasse,1,4,0,0,'5458311887542541',657-90-8519,Sabra,Gasse,0,0,0,0
'4636565283471950',657-90-8519,Sabra,Gasse,'4636565283471950',657-90-8519,Sabra,Gasse,0,0,0,0,'4636565283471950',657-90-8519,Sabra,Gasse,0,0,0,0
'4237291950414312',516-58-9366,Amr,Foytik,'4237291950414312',516-58-9366,Amr,Foytik,0,0,0,0,'4237291950414312',516-58-9366,Amr,Foytik,0,0,0,0
'5211832086941513',195-68-3543,Griselda,Bristol,'5211832086941513',195-68-3543,Bristol,Griselda,0,0,3,32,'5211832086941513',195-68-3543,Griselda,Bristol,0,0,0,0
'5643336010271377',339-88-7458,Dwaine,Mcelyea,'5643336010271377',339-88-7458,Dwaine,Mcelyea,0,0,0,0,'5643336010271377',339-88-7458,Dwaine,Mcelyea,0,0,0,0
'5900855057438686',354-36-3916,,Schell,'5900855057438686',354-36-3916,,Schell,0,0,0,0,'5900855057438686',354-36-3916,,Schell,0,0,0,0
'7678166466305598',354-36-3916,,Schell,'7678166466305598',354-36-3916,,Schell,0,0,0,0,'7678166466305598',354-36-3916,,Schell,0,0,0,0
'5027495835701069',999-09-3989,,Zachem-deberry,'5027495835701069',999-09-3989,,Zachem-deberry,0,0,0,0,'5027495835701069',999-09-3989,,Zachem-deberry,0,0,0,0
'7166090904421895',147-09-6535,Senella,Casserly,'7166090904421895',147-09-653,Senella,Casserly,0,0,4,256,'7166090904421895',147-09-6535,Senella,Casserly,0,0,0,0
'4948158367708524',147-09-6535,Senella,Casserly,'4948158367708524',147-09-653,Senella,Casserly,0,0,4,256,'4948158367708524',147-09-6535,Senella,Casserly,0,0,0,0
'4196110072697549',038-30-0184,Young,Tanzosch,'4196110072697549',038-30-0184,Young,Tanzosch,0,0,0,0,'4196110072697549',038-30-0184,Young,Tanzosch,0,0,0,0
'4960898042402825',068-61-9881,Duray,Weatherford,'49B60898042402825',068-61-9881,Duray,Weatherford,1,2048,0,0,'4960898042402825',068-61-9881,Duray,Weatherford,0,0,0,0
'4216045970700639',630-80-7613,Maria,Hanchett,'4216045970700639',630-80-7613,M,Hanchett,0,0,1,1,'4216045970700639',630-80-7613,Maria,Hanchett,0,0,0,0
'4472411756908497',868-09-0909,Fresler,,'4472411756980497',868-09-0909,Fresler,,1,4,0,0,'4472411756908497',868-09-0909,Fresler,,0,0,0,0
'5023575649582261',942-00-6752,Hiep,Funderburk,'5023575649582261',492-00-6752,Hiep,Funderburk,0,0,4,4,'5023575649582261',942-00-6752,Hiep,Funderburk,0,0,0,0
'4727750711566390',676-65-2925,Forn,Ziobert,'4727750711D566390',676-65-2925,Forn,Ziobert,1,2048,0,0,'4727750711566390',676-65-2925,Forn,Ziobert,0,0,0,0
'5481402376610186',676-65-2925,Forn,Ziobert,'5481402376610186',676-65-2925,Forn,Ziobert,0,0,0,0,'5481402376610186',676-65-2925,Forn,Ziobert,0,0,0,0
'5607508603784909',787-72-1370,Marivette,Healer,'5607508603784909',787-72-1370,Marivette,Healer,0,0,0,0,'5607508603784909',787-72-1370,Marivette,Healer,0,0,0,0
'4852638591411288',087-58-1340,Gay,Challoner,'4852638591411288',087-58-1340,Gay,Challoner,0,0,0,0,'4852638591411288',087-58-1340,Gay,Challoner,0,0,0,0
'7616785244690782',145-94-4188,Nelida,Shoup,'7616785244690782',845-94-4181,Nelida,Shoup,0,0,4,4,'7616785244690782',145-94-4188,Nelida,Shoup,0,0,0,0
'5450115780289681',336-75-8431,Ahsanuddin,Wykle,'5450115780289681',336-75-8431,Ahsanuddin,Wykle,0,0,0,0,'5450115780289681',336-75-8431,Ahsanuddin,Wykle,0,0,0,0
'4875263315735459',336-75-8431,Ahsanuddin,Wykle,'4875263315735459',336-75-8431,Ahsanuddin,Wykle,0,0,0,0,'4875263315735459',336-75-8431,Ahsanuddin,Wykle,0,0,0,0
'7939068558013428',362-59-5971,Shani,Criscola,'7939068558013428',362-59-5971,Shani,Criscola,0,0,0,0,'7939068558013428',362-59-5971,Shani,Criscola,0,0,0,0
'7084453491712112',878-98-8943,Ilona,Study,'7084453491712112',878-98-8943,Ilona,Study,0,0,0,0,'7084453491712112',878-98-8943,Ilona,Study,0,0,0,0
'4560480336619445',704-31-5720,Andreas,Amihere,'4560480336619445',704-31-5720,Andreas,Amihere,0,0,0,0,'4560480336619445',704-31-5720,Andreas,Amihere,0,0,0,0
'5046208315189913',358-37-8009,Jamikal,Heffley,'5046208315189913',358-37-8009,Jamikal,Heffley,0,0,0,0,'5046208315189913',358-37-8009,Jamikal,Heffley,0,0,0,0
'5595781620964220',486-44-5558,Toccara,Berenguer,'5595781620964220',486-44-5558,Toccara,Berenguer,0,0,0,0,'5595781620964220',486-44-5558,Toccara,Berenguer,0,0,0,0
'5152739358640419',884-16-9512,,Cokmann,'5152793358640419',884-16-9521,,Cokmann,1,4,4,4,'5152739358640419',884-16-9512,,Cokmann,0,0,0,0
'5529717479498557',520-47-8775,Collie,Aribu,'5529717F479498557',520-47-8775,Collie,Aribu,1,2048,0,0,'5529717479498557',520-47-8775,Collie,Aribu,0,0,0,0
'4008671750467360',744-55-4257,Willin,Schouest,'4008671750467360',744-54-5257,Willin,Schouest,0,0,4,4,'4008671750467360',744-55-4257,Willin,Schouest,0,0,0,0
'4135745977076512',105-94-4121,Maxwell,Ruland,'4135745977067512',105-94-4121,Maxwell,Ruland,1,4,0,0,'4135745977076512',105-94-4121,Maxwell,Ruland,0,0,0,0
'7081146125589739',591-61-4218,,Jeroslow,'7081146125589739',596-11-4218,,Jeroslow,0,0,4,4,'7081146125589739',591-61-4218,,Jeroslow,0,0,0,0
'7425277719912420',680-09-2685,Roby,Heatley,'7425277719912420',680-09-2685,Roby,Heatley,0,0,0,0,'7425277719912420',680-09-2685,Roby,Heatley,0,0,0,0
'4738554246009393',415-36-1387,Genodria,Wolfe-nobles,'4738554246009393',415-36-1387,Genodria,Wolfe-nobles,0,0,0,0,'4738554246009393',415-36-1387,Genodria,Wolfe-nobles,0,0,0,0
'5105757343660613',415-36-1387,Genodria,Wolfe-nobles,'5105757343660613',415-36-1387,Genodria,Wolfe-nobles,0,0,0,0,'5105757343660613',415-36-1387,Genodria,Wolfe-nobles,0,0,0,0
'4208387633266589',215-80-9195,Belki,Dalrymple,'4280387633266589',215-80-9915,Belki,Dalrymple,1,4,4,4,'4208387633266589',215-80-9195,Belki,Dalrymple,0,0,0,0
'5247012346567607',912-67-8318,Harriet,Castro-feinberg,'247012346567607',912-67-8318,Harriet,Castro-feinberg,1,128,0,0,'5247012346567607',912-67-8318,Harriet,Castro-feinberg,0,0,0,0
'5048174626958195',235-96-5908,Elon,,'5048174626958195',235-96-5908,Elon,,0,0,0,0,'5048174626958195',235-96-5908,Elon,,0,0,0,0
'5911382229503360',835-97-5864,Farrah,Strawser,'5911382229503360',835-97-5864,Farrah,Strawser-Pestine,0,0,2,1024,'5911382229503360',835-97-5864,Farrah,Strawser,0,0,0,0
'7973480407274348',281-93-6089,Leeisa,Baguidy,'7973840407274348',218-93-6089,Leeisa,Baguidy,1,4,4,4,'7973480407274348',281-93-6089,Leeisa,Baguidy,0,0,0,0
'5540424000653082',844-04-5317,Ricio,Bassaline,'5540424000653082',844-04-5317,Ricio,Bassaline,0,0,0,0,'5540424000653082',844-04-5317,Ricio,Bassaline,0,0,0,0
'4962873769822294',965-81-9453,,Coyner,'4962873769822294',965-81-9453,,Coyner,0,0,0,0,'4962873769822294',965-81-9453,,Coyner,0,0,0,0
'4608109913127594',965-81-9453,,Coyner,'4608109913127594',965-81-9453,,Coyner,0,0,0,0,'4608109913127594',965-81-9453,,Coyner,0,0,0,0
'4517094133281946',965-81-9453,,Coyner,'4517094133281946',965-81-9453,,Coyner,0,0,0,0,'4517094133281946',965-81-9453,,Coyner,0,0,0,0
'4389885177078923',965-81-9453,,Coyner,'4389885177078923',965-81-9453,,Coyner,0,0,0,0,'4389885177078923',965-81-9453,,Coyner,0,0,0,0
'7782741425380497',647-08-3767,Shebella,Zinge,'7782741425380947',647-08-3767,Shebella,Zinge,1,4,0,0,'7782741425380497',647-08-3767,Shebella,Zinge,0,0,0,0
'7071603908513607',842-32-7804,Clove,Ruda,'7071603908513607',842-32-7804,Clove,Ruda,0,0,0,0,'7071603908513607',842-32-7804,Clove,Ruda,0,0,0,0
'7584049943000095',842-32-7804,Clove,Ruda,'7584049943000095',842-32-7804,Clove,Ruda,0,0,0,0,'7584049943000095',842-32-7804,Clove,Ruda,0,0,0,0
'5872258894143084',287-32-0539,Sanita,Handrahan,'5827258894143084',287-23-0539,Sanita,Handrahan,1,4,4,4,'5872258894143084',287-32-0539,Sanita,Handrahan,0,0,0,0
'4196253298418645',378-13-3906,Nora-eve,Swallow,'4196253298418645',378-13-3906,Nora-eve,Swallow,0,0,0,0,'4196253298418645',378-13-3906,Nora-eve,Swallow,0,0,0,0
'4187540273921415',378-13-3906,Nora-eve,Swallow,'4187540273921415',378-13-3906,Nora-eve,Swallow,0,0,0,0,'4187540273921415',378-13-3906,Nora-eve,Swallow,0,0,0,0
'5228525874661646',902-70-6759,Bernadatte,Nardy,'5228525874661646',902-70-6759,Bernadatte,Nardy,0,0,0,0,'5228525874661646',902-70-6759,Bernadatte,Nardy,0,0,0,0
'7213432801704182',175-91-3980,Darcie,Stanfield,'721342801704182',175-91-3980,Darcie,Stanfield,1,2,0,0,'7213432801704182',175-91-3980,Darcie,Stanfield,0,0,0,0
'7404555819973939',114-22-0106,Dominga,,'7404555819973939',114-22-0106,Dominga,,0,0,0,0,'7404555819973939',114-22-0106,Dominga,,0,0,0,0
'4261221445450850',338-78-0710,Taura,Edwards-walker,'4261221445450850',338-78-0710,Taura,Edwards-walker,0,0,0,0,'4261221445450850',338-78-0710,Taura,Edwards-walker,0,0,0,0
'7053148935392089',961-84-3895,Brenden,Lindholm,'705314893539208',961-84-3895,Brenden,Lindholm,1,256,0,0,'7053148935392089',961-84-3895,Brenden,Lindholm,0,0,0,0
'4765112201498196',330-38-2649,Vera,Laurente,'4761512201498196',330-32-8649,Vera,Laurente,1,4,4,4,'4765112201498196',330-38-2649,Vera,Laurente,0,0,0,0
'5183415074713709',330-38-2649,Vera,Laurente,'5183415074713709',330-32-8649,Vera,Laurente,0,0,4,4,'5183415074713709',330-38-2649,Vera,Laurente,0,0,0,0
'7934369152097306',573-30-1535,Dianna,Couts,'7934369152097306',573-30-1535,Dianna,Couts,0,0,0,0,'7934369152097306',573-30-1535,Dianna,Couts,0,0,0,0
'5880585420586223',817-11-0079,Alexza,Beyer,'5880585420586223',817-11-0079,Alexza,Beyer,0,0,0,0,'5880585420586223',817-11-0079,Alexza,Beyer,0,0,0,0
'4351795577347281',796-68-5862,Nerisha,Dicpetris,'4351795577347281',796-68-5862,Nerisha,Dicpetris,0,0,0,0,'4351795577347281',796-68-5862,Nerisha,Dicpetris,0,0,0,0
'7035654374713034',796-68-5862,Nerisha,Dicpetris,'7035654374713034',796-68-5862,Nerisha,Dicpetris,0,0,0,0,'7035654374713034',796-68-5862,Nerisha,Dicpetris,0,0,0,0
'4766270782593769',796-68-5862,Nerisha,Dicpetris,'4766720782593769',796-68-5862,Nerisha,Dicpetris,1,4,0,0,'4766270782593769',796-68-5862,Nerisha,Dicpetris,0,0,0,0
'4236813078184312',537-69-3504,Shanda,Bilagot,'4236813078184312',537-69-3504,Shanda,Bilagot,0,0,0,0,'4236813078184312',537-69-3504,Shanda,Bilagot,0,0,0,0
'7878604059455089',771-66-9572,Malvina,Bradshaw,'7878604059455089',771-66-9572,Malvina,Bradshaw,0,0,0,0,'7878604059455089',771-66-9572,Malvina,Bradshaw,0,0,0,0
'4672902195891739',070-24-4946,Patsie,Vespie,'4672902195891739',070-24-4946,Pat,Vespie,0,0,1,16,'4672902195891739',070-24-4946,Patsie,Vespie,0,0,0,0
'7490186122012078',070-24-4946,Patsie,Vespie,'7490186122012078',070-24-4946,Pat,Vespie,0,0,1,16,'7490186122012078',070-24-4946,Patsie,Vespie,0,0,0,0
'7541423375933043',272-95-9226,Adetokunbo,Strawn,'7541423375933043',272-95-9226,Adetokunbo,Strawn,0,0,0,0,'7541423375933043',272-95-9226,Adetokunbo,Strawn,0,0,0,0
'5749797462678185',451-29-5194,,Brust,'5749797462678185',451-29-5194,,Brust,0,0,0,0,'5749797462678185',451-29-5194,,Brust,0,0,0,0
'4259078867941439',598-64-2438,Jena,Feger,'4259078867941439',598-64-2438,Jena,Feger,0,0,0,0,'4259078867941439',598-64-2438,Jena,Feger,0,0,0,0
'7923535811758146',484-06-3094,Lannie,Lupien,'7923535811758146',484-06-3094,Lannie,Lupien,0,0,0,0,'7923535811758146',484-06-3094,Lannie,Lupien,0,0,0,0
'5720638735003931',244-58-3805,,Berutti,'5720638735003931',44-58-3805,,Berutti,0,0,4,128,'5720638735003931',244-58-3805,,Berutti,0,0,0,0
'4675190050283134',026-27-9736,Wyetha,Blasy,'4675190050283134',026-2R7-9736,Wyetha,Blasy,0,0,4,2048,'4675190050283134',026-27-9736,Wyetha,Blasy,0,0,0,0
'4953466897035963',179-95-0617,Idalberto,Caskey,'4953466897035963',179-95-0617,Idalberto,Caskey,0,0,0,0,'4953466897035963',179-95-0617,Idalberto,Caskey,0,0,0,0
'4119139619311088',539-65-0832,Doreatha,Casseus,'4119139619311088',539-65-0832,Casseus,Doreatha,0,0,3,32,'4119139619311088',539-65-0832,Doreatha,Casseus,0,0,0,0
'4880786406028797',393-30-1737,Kiosha,Giamella,'4880786406028797',393-30-1737,Kiosha,Giamella,0,0,0,0,'4880786406028797',393-30-1737,Kiosha,Giamella,0,0,0,0
'7632306106213078',393-30-1737,Kiosha,Giamella,'7632306106213078',393-30-1737,Kiosha,Giamella,0,0,0,0,'7632306106213078',393-30-1737,Kiosha,Giamella,0,0,0,0
'4844712093610222',851-59-1301,Chen,Halligan,'4847412093610222',851-59-3101,Chen,Halligan,1,4,4,4,'4844712093610222',851-59-1301,Chen,Halligan,0,0,0,0
'5296543415962670',851-59-1301,Chen,Halligan,'5296543415962670',851-59-3101,Chen,Halligan,0,0,4,4,'5296543415962670',851-59-1301,Chen,Halligan,0,0,0,0
'5533608267976909',851-59-1301,Chen,Halligan,'5533608267976909',851-59-3101,Chen,Halligan,0,0,4,4,'5533608267976909',851-59-1301,Chen,Halligan,0,0,0,0
'4738073975919679',800-51-6073,Arrieanna,Jaber,'4738073975919679',800-51-6073,Arrieanna,Jaber,0,0,0,0,'4738073975919679',800-51-6073,Arrieanna,Jaber,0,0,0,0
'7182281926506849',019-52-9136,Ajita,Waligora,'7182281926506849',019-52-9136,Ajita,Waligora,0,0,0,0,'7182281926506849',019-52-9136,Ajita,Waligora,0,0,0,0
'4615026150834663',144-92-1210,Otela,Weisman,'4615026150834663',144-92-1210,Otela,Weisman,0,0,0,0,'4615026150834663',144-92-1210,Otela,Weisman,0,0,0,0
'5236724338717733',106-14-9636,Antonietta,Tabanelli,'5236724338717733',106-14-9636,Antonietta,Tabanelli,0,0,0,0,'5236724338717733',106-14-9636,Antonietta,Tabanelli,0,0,0,0
'5973771619245907',999-95-8314,Haylan,Vacchio,'5973771619245907',999-95-8134,Haylan,Vacchio,0,0,4,4,'5973771619245907',999-95-8314,Haylan,Vacchio,0,0,0,0
'7523155939104803',999-95-8314,Haylan,Vacchio,'7523155939104803',999-95-8134,Haylan,Vacchio,0,0,4,4,'7523155939104803',999-95-8314,Haylan,Vacchio,0,0,0,0
'7521405575947538',086-18-7260,Alexandria,Wu,'7521405575947538',086-18-7260,Alexandria,Wu,0,0,0,0,'7521405575947538',086-18-7260,Alexandria,Wu,0,0,0,0
'5010292026806876',371-73-0403,Almeda,Rodrigo,'5010292026806876',371-37-0403,Almeda,Rodrigo,0,0,4,4,'5010292026806876',371-73-0403,Almeda,Rodrigo,0,0,0,0
'7495237380242015',755-85-4342,Marion,Bourdon,'7495237380242015',755-85-4342,Marion,Bourdon,0,0,0,0,'7495237380242015',755-85-4342,Marion,Bourdon,0,0,0,0
'4772968690091857',628-22-0618,Leeta,Pruiett,'4772968690091857',622-82-0618,Leeta,Pruiett,0,0,4,4,'4772968690091857',628-22-0618,Leeta,Pruiett,0,0,0,0
'4491777586424244',842-64-6512,Hecter,Mazzotta,'4491777586424244',842-64-6512,Hecter,Mazzotta,0,0,0,0,'4491777586424244',842-64-6512,Hecter,Mazzotta,0,0,0,0
'5574490700869134',177-60-7897,Gottfried,Cladd,'5574490700869134',177-60-7897,Gottfried,Cladd,0,0,0,0,'5574490700869134',177-60-7897,Gottfried,Cladd,0,0,0,0
'5681206916711627',021-90-0777,Dodie,Sipe,'5681206916711627',019-00-777,Dodie,Sipe,0,0,4,2,'5681206916711627',021-90-0777,Dodie,Sipe,0,0,0,0
'4999294607709413',585-52-7351,Lonita,Hepworth,'4999294607709413',585-52-7351,Lonita,Hepworth,0,0,0,0,'4999294607709413',585-52-7351,Lonita,Hepworth,0,0,0,0
'4430939149111837',551-83-3911,Shelina,Cintron,'4430939149111837',551-83-3911,Shelina,Cintron-Butts,0,0,2,1024,'4430939149111837',551-83-3911,Shelina,Cintron,0,0,0,0
'5944038472259112',879-55-9101,Sequita,Tempel,'5944038472259112',879-55-9101,S,Tempel,0,0,1,1,'5944038472259112',879-55-9101,Sequita,Tempel,0,0,0,0
'7687053789221209',142-89-1845,Ping,Alayon,'7687053789221209',142-89-1845,Ping,Alayon,0,0,0,0,'7687053789221209',142-89-1845,Ping,Alayon,0,0,0,0
'4054857246831142',127-02-5617,Alphus,Schackleford,'4054857246831142',127-02-5617,Alphus,marcos,0,0,2,512,'4054857246831142',127-02-5617,Alphus,Schackleford,0,0,0,0
'5103432589893736',835-50-2121,Charlyne,Little,'5103432589893736',835-50-2121,Charlyne,Little,0,0,0,0,'5103432589893736',835-50-2121,Charlyne,Little,0,0,0,0
'4951968204503506',068-34-9511,Agatha,Nnadi,'4951968205403506',068-34-9511,Agatha,Nnadi,1,4,0,0,'4951968204503506',068-34-9511,Agatha,Nnadi,0,0,0,0
'4499783374322374',043-05-9736,Dilaila,Alessandri,'4499783374322374',43-05-9736,Dilaila,Alessandri,0,0,4,128,'4499783374322374',043-05-9736,Dilaila,Alessandri,0,0,0,0
'7834947309326113',299-20-0778,,Ocampo,'7834947303926113',299-20-0778,,Ocampo,1,4,0,0,'7834947309326113',299-20-0778,,Ocampo,0,0,0,0
'7823068187424974',555-68-8052,Dorie,Leis,'7823068187424974',555-68-8052,Dorie,Leis,0,0,0,0,'7823068187424974',555-68-8052,Dorie,Leis,0,0,0,0
'5054435227616026',706-21-5360,Saudia,Wolin,'5054435272616026',706-21-5630,Saudia,Wolin,1,4,4,4,'5054435227616026',706-21-5360,Saudia,Wolin,0,0,0,0
'7021124146628867',218-62-8021,Trula,Julmice,'7012124146628867',216-82-8021,Trula,Julmice,1,4,4,4,'7021124146628867',218-62-8021,Trula,Julmice,0,0,0,0
'4708354407895947',088-78-7095,Willola,Boggs,'4708354407895947',088-78-7095,Willola,Boggs,0,0,0,0,'4708354407895947',088-78-7095,Willola,Boggs,0,0,0,0
'7487034952496928',088-78-7095,Willola,Boggs,'7487034952496928',088-78-7095,Willola,Boggs,0,0,0,0,'7487034952496928',088-78-7095,Willola,Boggs,0,0,0,0
'4153960394517600',859-23-4369,Jenice,Darsan,'4153960394517060',859-32-4369,Jenice,Darsan,1,4,4,4,'4153960394517600',859-23-4369,Jenice,Darsan,0,0,0,0
'5619264568695358',384-73-6220,Berrie,Cothran,'5619264568695358',384-7P3-6220,Berrie,Cothran,0,0,4,2048,'5619264568695358',384-73-6220,Berrie,Cothran,0,0,0,0
'4115570884313190',325-53-0328,,Marina,'4115570884313190',325-53-0328,,Marina,0,0,0,0,'4115570884313190',325-53-0328,,Marina,0,0,0,0
'5025272643264852',785-10-9802,Imani,Baughman,'5025272643264852',785-10-9802,Imani,Baughman,0,0,0,0,'5025272643264852',785-10-9802,Imani,Baughman,0,0,0,0
'4178780324304059',772-85-1153,Philip,Amankwaa,'4178780324304059',772-85-1153,Phil,Amankwaa,0,0,1,16,'4178780324304059',772-85-1153,Philip,Amankwaa,0,0,0,0
'7649425590586798',893-51-2335,Milisha,Warrick,'7649425590568798',893-51-2335,Milisha,Warrick,1,4,0,0,'7649425590586798',893-51-2335,Milisha,Warrick,0,0,0,0
'5232434434881951',254-50-9460,Louanne,Marcy,'5232434434881951',254-50-9460,Louanne,Marcy,0,0,0,0,'5232434434881951',254-50-9460,Louanne,Marcy,0,0,0,0
'5627440478716750',254-50-9460,Louanne,Marcy,'5627440478716750',254-50-9460,Louanne,Marcy,0,0,0,0,'5627440478716750',254-50-9460,Louanne,Marcy,0,0,0,0
'7059832310832758',131-61-0436,Lanell,Segundo,'7059832310832758',131-61-0436,Lanell,Segundo,0,0,0,0,'7059832310832758',131-61-0436,Lanell,Segundo,0,0,0,0
'4039356923179561',417-58-7713,Patsey,Hegwood,'4039356923179561',417-58-7713,P,Hegwood,0,0,1,1,'4039356923179561',417-58-7713,Patsey,Hegwood,0,0,0,0
'5928898317337652',916-20-4874,Mariano,Fryer,'5928898317337652',916-20-4874,Mariano,Fryer,0,0,0,0,'5928898317337652',916-20-4874,Mariano,Fryer,0,0,0,0
'4074620327909337',074-25-0869,,Brainard,'4074620327909337',074-25-0869,,Brainard,0,0,0,0,'4074620327909337',074-25-0869,,Brainard,0,0,0,0
'4807975947078081',847-60-5690,,Paster,'4807975947078081',847-60-5690,,Paster,0,0,0,0,'4807975947078081',847-60-5690,,Paster,0,0,0,0
'4712601601955953',455-99-9226,Akin,Nashed,'4712601601955953',455-99-9226,Akin,Nashed,0,0,0,0,'4712601601955953',455-99-9226,Akin,Nashed,0,0,0,0
'7616331674556417',455-99-9226,Akin,Nashed,'7616331674556417',455-99-9226,Akin,Nashed,0,0,0,0,'7616331674556417',455-99-9226,Akin,Nashed,0,0,0,0
'4122043095350516',374-25-4684,Waldemar,Desilma,'4122043059350516',374-25-6484,Waldemar,Desilma,1,4,4,4,'4122043095350516',374-25-4684,Waldemar,Desilma,0,0,0,0
'5365409654815054',439-08-0923,Marti,Mijatovic,'5365409654815054',439-08-0923,Marti,Mijatovic,0,0,0,0,'5365409654815054',439-08-0923,Marti,Mijatovic,0,0,0,0
'7601206040831105',045-63-4028,Dewana,Semeniuk,'7601206040831105',045-64-3028,Dewana,Semeniuk,0,0,4,4,'7601206040831105',045-63-4028,Dewana,Semeniuk,0,0,0,0
'7012727964075408',637-09-8538,Ilene,Jordahl,'7017227964075408',637-09-8538,Ilene,Jordahl,1,4,0,0,'7012727964075408',637-09-8538,Ilene,Jordahl,0,0,0,0
'7362281702631767',296-82-6284,Elvis,Espinal,'736228W1702631767',296-82-6284,Elvis,Espinal,1,2048,0,0,'7362281702631767',296-82-6284,Elvis,Espinal,0,0,0,0
'7436246232487607',766-09-7328,Mariluz,,'7436246232487607',766-09-7328,Mariluz,,0,0,0,0,'7436246232487607',766-09-7328,Mariluz,,0,0,0,0
'4538924703337579',766-09-7328,Mariluz,,'4538924703337579',766-09-7328,Mariluz,,0,0,0,0,'4538924703337579',766-09-7328,Mariluz,,0,0,0,0
'7757261266898874',344-96-3185,Leonidas,Dodier,'7757261268698874',344-93-6185,Leonidas,Dodier,1,4,4,4,'7757261266898874',344-96-3185,Leonidas,Dodier,0,0,0,0
'4129053595953515',561-99-6837,Dominick,Brabham,'4129053595953515',561-99-6837,Dom,Brabham,0,0,1,16,'4129053595953515',561-99-6837,Dominick,Brabham,0,0,0,0
'7164098832995172',561-99-6837,Dominick,Brabham,'7164098832995172',561-99-6837,Dom,Brabham,0,0,1,16,'7164098832995172',561-99-6837,Dominick,Brabham,0,0,0,0
'5901004484094386',725-80-5500,,Legg,'5901004484049386',725-08-5500,,Legg,1,4,4,4,'5901004484094386',725-80-5500,,Legg,0,0,0,0
'7209262114035918',900-43-9417,Lucittia,Curth,'7209262114035918',900-43-9417,Lucittia,Curth,0,0,0,0,'7209262114035918',900-43-9417,Lucittia,Curth,0,0,0,0
'7307311248978856',706-05-6279,,Durjan,'7307311248978856',706-05-6279,,Durjan,0,0,0,0,'7307311248978856',706-05-6279,,Durjan,0,0,0,0
'5683498609080361',907-51-2138,Jarius,Goellner,'5683498069080361',907-51-2183,Jarius,Goellner,1,4,4,4,'5683498609080361',907-51-2138,Jarius,Goellner,0,0,0,0
'5187967331092214',603-21-2134,Rao,Moyer,'5187967331092214',603-21-2134,Rao,Moyer,0,0,0,0,'5187967331092214',603-21-2134,Rao,Moyer,0,0,0,0
'4796904511086563',968-25-0003,Valdrica,Ratti,'4796904511086563',968-25-0003,Valdrica,Ratti,0,0,0,0,'4796904511086563',968-25-0003,Valdrica,Ratti,0,0,0,0
'5842093294616633',311-92-1036,Feleshia,Peon,'5842093294616633',311-92-1036,Feleshia,Peon,0,0,0,0,'5842093294616633',311-92-1036,Feleshia,Peon,0,0,0,0
'7243087162904146',104-71-0539,Ikema,Lombard-villa,'7243087162904146',104-71-0359,Ikema,Lombard-villa,0,0,4,4,'7243087162904146',104-71-0539,Ikema,Lombard-villa,0,0,0,0
'5079185836249562',106-28-7324,Pleasant,Muresan,'5079185836429562',106-28-7234,Pleasant,Muresan,1,4,4,4,'5079185836249562',106-28-7324,Pleasant,Muresan,0,0,0,0
'7264940483409948',128-88-8448,Raghib,Carcamo,'2764940483409948',182-88-8448,Raghib,Carcamo,1,4,4,4,'7264940483409948',128-88-8448,Raghib,Carcamo,0,0,0,0
'4851801210458055',685-73-9102,Hugh,Kinneer,'4815801210458055',685-73-9102,Hugh,Kinneer,1,4,0,0,'4851801210458055',685-73-9102,Hugh,Kinneer,0,0,0,0
'5415988506972523',599-88-8280,Huiwei,Cadely,'5415988506972523',599-88-8280,Huiwei,Cadely,0,0,0,0,'5415988506972523',599-88-8280,Huiwei,Cadely,0,0,0,0
'5304289061536800',150-70-1734,Josef,Staab,'5304289061536800',150-70-1734,Josef,Staab,0,0,0,0,'5304289061536800',150-70-1734,Josef,Staab,0,0,0,0
'5913614204044436',646-25-7283,Francheska,Scurlock,'5913614204044346',646-25-7283,Francheska,Scurlock,1,4,0,0,'5913614204044436',646-25-7283,Francheska,Scurlock,0,0,0,0
'4980173868758178',565-39-2439,Wynna,Walters-chapman,'4980173868758178',565-39-24W39,Wynna,Walters-chapman,0,0,4,2048,'4980173868758178',565-39-2439,Wynna,Walters-chapman,0,0,0,0
'5627760344938347',518-32-5464,Tejas,Barrett,'5627760344938347',518-32-5464,Barrett,Tejas,0,0,3,32,'5627760344938347',518-32-5464,Tejas,Barrett,0,0,0,0
'5395648949100020',518-32-5464,Tejas,Barrett,'5395648949100020',518-32-5464,Barrett,Tejas,0,0,3,32,'5395648949100020',518-32-5464,Tejas,Barrett,0,0,0,0
'5720582163705715',518-32-5464,Tejas,Barrett,'5720582163705715',518-32-5464,Barrett,Tejas,0,0,3,32,'5720582163705715',518-32-5464,Tejas,Barrett,0,0,0,0
'7324460925106444',341-12-6138,Pellie,,'7324460925106444',341-12-6138,Pellie,,0,0,0,0,'7324460925106444',341-12-6138,Pellie,,0,0,0,0
'4696214568939906',460-52-5546,Tyson,Mazanek,'4696214568939906',460-52-5546,Tyson,Mazanek,0,0,0,0,'4696214568939906',460-52-5546,Tyson,Mazanek,0,0,0,0
'5109532796492328',010-82-3164,Lindsay,Goodwin-glenn,'5109532796492328',010-82-3164,Lyn,Goodwin-glenn,0,0,1,16,'5109532796492328',010-82-3164,Lindsay,Goodwin-glenn,0,0,0,0
'5366056621591461',580-55-7400,Norge,Seabrook,'5366056621591461',580-55-7400,Norge,Seabrook,0,0,0,0,'5366056621591461',580-55-7400,Norge,Seabrook,0,0,0,0
'4572923557073630',452-30-7237,Kalyani,Hannay,'4572923557073630',452-30-7237,Kalyani,Hannay,0,0,0,0,'4572923557073630',452-30-7237,Kalyani,Hannay,0,0,0,0
'7862922449508682',697-85-6220,Perless,Rubi-arriola,'7862922449508682',697-85-6220,Perless,Rubi-arriola,0,0,0,0,'7862922449508682',697-85-6220,Perless,Rubi-arriola,0,0,0,0
'7592804656975029',507-86-5890,Huating,Zack,'7592804656975029',507-86-5890,Huating,Zack,0,0,0,0,'7592804656975029',507-86-5890,Huating,Zack,0,0,0,0
'5747740879857708',083-81-0901,Santhia,Kurti,'5747740879857780',088-31-0901,Santhia,Kurti,1,4,4,4,'5747740879857708',083-81-0901,Santhia,Kurti,0,0,0,0
'7527955071067752',224-09-5094,Bonnita,Betten,'7527955071067752',224-09-5094,Bon,Betten,0,0,1,16,'7527955071067752',224-09-5094,Bonnita,Betten,0,0,0,0
'4860565811471547',693-72-0010,Catrunda,Pack,'4860565811471547',693-72-0010,C,Pack,0,0,1,1,'4860565811471547',693-72-0010,Catrunda,Pack,0,0,0,0
'4098724340468420',693-72-0010,Catrunda,Pack,'4098724340468420',693-72-0010,C,Pack,0,0,1,1,'4098724340468420',693-72-0010,Catrunda,Pack,0,0,0,0
'7721517843960052',432-09-9610,Any,Garcia-tunon,'7725117843960052',432-09-9610,Any,Garcia-tunon,1,4,0,0,'7721517843960052',432-09-9610,Any,Garcia-tunon,0,0,0,0
'4030326725926859',127-81-1728,Bj,Ortiz,'4030326725926859',127-81-1728,Bj,Ortiz,0,0,0,0,'4030326725926859',127-81-1728,Bj,Ortiz,0,0,0,0
'4587536866730771',295-52-0443,Gareth,Paden,'4587536866730771',295-52-0443,Gareth,Paden,0,0,0,0,'4587536866730771',295-52-0443,Gareth,Paden,0,0,0,0
'4423399535233759',524-85-2413,,Domagalski,'4423399535233759',524-85-2413,,Domagalski,0,0,0,0,'4423399535233759',524-85-2413,,Domagalski,0,0,0,0
'7269438401320539',926-71-2342,Marian,Trachtenberg,'7269438401320539',926-12-342,Marian,Trachtenberg,0,0,4,2,'7269438401320539',926-71-2342,Marian,Trachtenberg,0,0,0,0
'7971719422144708',165-78-6886,Del-marie,Nejad,'7971719422144708',165-78-6886,Del-marie,Nejad,0,0,0,0,'7971719422144708',165-78-6886,Del-marie,Nejad,0,0,0,0
'4657662709038893',760-05-9716,,Flowers,'4657662709038893',760-05-971,,Flowers,0,0,4,256,'4657662709038893',760-05-9716,,Flowers,0,0,0,0
'5469740212847745',899-14-7726,Thawanda,Bounds,'5469740212847745',899-14-7726,Thawanda,Bounds,0,0,0,0,'5469740212847745',899-14-7726,Thawanda,Bounds,0,0,0,0
'4945010274292307',572-89-2369,Sheauching,Hench,'4945010274293207',572-89-2639,Sheauching,Hench,1,4,4,4,'4945010274292307',572-89-2369,Sheauching,Hench,0,0,0,0
'5923844331734396',617-38-6577,Rozier,Pruyn,'5923844331734396',617-38-6577,Rozier,Pruyn,0,0,0,0,'5923844331734396',617-38-6577,Rozier,Pruyn,0,0,0,0
'5174418719676503',617-38-6577,Rozier,Pruyn,'5174418719676503',617-38-6577,Rozier,Pruyn,0,0,0,0,'5174418719676503',617-38-6577,Rozier,Pruyn,0,0,0,0
'7452984870031715',617-38-6577,Rozier,Pruyn,'7452984870031715',617-38-6577,Rozier,Pruyn,0,0,0,0,'7452984870031715',617-38-6577,Rozier,Pruyn,0,0,0,0
'7927829052966462',476-27-6782,Carina,,'7927829052966462',476-27-6782,Carina,,0,0,0,0,'7927829052966462',476-27-6782,Carina,,0,0,0,0
'7412379273880762',476-27-6782,Carina,,'7412379273880762',476-27-6782,Carina,,0,0,0,0,'7412379273880762',476-27-6782,Carina,,0,0,0,0
'7555059892674968',534-73-4997,,Wahlman,'7555059892674968',534-73-4997,,Wahlman,0,0,0,0,'7555059892674968',534-73-4997,,Wahlman,0,0,0,0
'4825132308119471',478-46-7245,Mcarthur,Schwikert,'4825312308119471',748-46-7245,Mcarthur,Schwikert,1,4,4,4,'4825132308119471',478-46-7245,Mcarthur,Schwikert,0,0,0,0
'7163635357975575',478-46-7245,Mcarthur,Schwikert,'7163635357975575',748-46-7245,Mcarthur,Schwikert,0,0,4,4,'7163635357975575',478-46-7245,Mcarthur,Schwikert,0,0,0,0
'4904564462122560',119-51-1357,Oreste,Munk-kegeler,'4904564462122560',119-51-1357,Oreste,Munk-kegeler,0,0,0,0,'4904564462122560',119-51-1357,Oreste,Munk-kegeler,0,0,0,0
'4038311960707929',636-44-6096,Tana,Cindy,'4038131960707929',663-44-6096,Tana,Cindy,1,4,4,4,'4038311960707929',636-44-6096,Tana,Cindy,0,0,0,0
'7952964799382493',636-44-6096,Tana,Cindy,'7952964799382493',663-44-6096,Tana,Cindy,0,0,4,4,'7952964799382493',636-44-6096,Tana,Cindy,0,0,0,0
'7867897333895918',636-44-6096,Tana,Cindy,'7867897333895918',663-44-6096,Tana,Cindy,0,0,4,4,'7867897333895918',636-44-6096,Tana,Cindy,0,0,0,0
'5930853528943165',827-12-9457,Launda,Schlenoff,'5930853528943165',8k27-12-9457,Launda,Schlenoff,0,0,4,2048,'5930853528943165',827-12-9457,Launda,Schlenoff,0,0,0,0
'5668806867523347',827-12-9457,Launda,Schlenoff,'5668806867523347',8k27-12-9457,Launda,Schlenoff,0,0,4,2048,'5668806867523347',827-12-9457,Launda,Schlenoff,0,0,0,0
'5098454555278758',827-12-9457,Launda,Schlenoff,'5098544555278758',8k27-12-9457,Launda,Schlenoff,1,4,4,2048,'5098454555278758',827-12-9457,Launda,Schlenoff,0,0,0,0
'4932263415230590',363-03-8042,Ifedola,Gelman,'4932263415230590',363-03-8042,Ifedola,Gelman,0,0,0,0,'4932263415230590',363-03-8042,Ifedola,Gelman,0,0,0,0
'7037497548620911',994-92-1051,Azania,Chunn,'7037497548620911',994-92-1051,Azania,Chunn,0,0,0,0,'7037497548620911',994-92-1051,Azania,Chunn,0,0,0,0
'5113823148298106',456-12-9052,Vicentita,Gihring,'5113823148298106',456-12-9052,Vicentita,Gihring,0,0,0,0,'5113823148298106',456-12-9052,Vicentita,Gihring,0,0,0,0
'7639984185212892',450-05-9684,,Farrell,'763998185212892',450-05-9684,,Farrell,1,2,0,0,'7639984185212892',450-05-9684,,Farrell,0,0,0,0
'5627115003357432',639-82-9497,Elcie,Fury,'5627115003357432',639-28-9497,Elcie,Fury,0,0,4,4,'5627115003357432',639-82-9497,Elcie,Fury,0,0,0,0
'4213549963014322',639-82-9497,Elcie,Fury,'4213549963014322',639-28-9497,Elcie,Fury,0,0,4,4,'4213549963014322',639-82-9497,Elcie,Fury,0,0,0,0
'7985643628455857',555-29-5755,Ileene,Dickens,'7985643628455857',555-29-5755,Ileene,Dickens,0,0,0,0,'7985643628455857',555-29-5755,Ileene,Dickens,0,0,0,0
'7816957959721805',873-59-1136,Shufonna,Potaczala,'7816957959721085',783-59-1136,Shufonna,Potaczala,1,4,4,4,'7816957959721805',873-59-1136,Shufonna,Potaczala,0,0,0,0
'5193578978922647',843-75-5418,Blandine,Aangeenbrug,'5193578978922647',843-75-5418,Blandine,Aangeenbrug,0,0,0,0,'5193578978922647',843-75-5418,Blandine,Aangeenbrug,0,0,0,0
'5939234730934433',591-23-9534,Vivek,Cavett,'593923473093443',591-23-9534,Vivek,detscher,1,256,2,512,'5939234730934433',591-23-9534,Vivek,Cavett,0,0,0,0
'5332550793214874',591-23-9534,Vivek,Cavett,'5332550793214874',591-23-9534,Vivek,detscher,0,0,2,512,'5332550793214874',591-23-9534,Vivek,Cavett,0,0,0,0
'5054419391854657',428-70-3787,Takis,Greenly,'5054419391854657',428-70-3787,T,Greenly,0,0,1,1,'5054419391854657',428-70-3787,Takis,Greenly,0,0,0,0
'5763734213688852',361-32-9043,,Cahusac,'5763734213688852',361-32-9043,,Cahusac,0,0,0,0,'5763734213688852',361-32-9043,,Cahusac,0,0,0,0
'4219548707527556',008-39-8351,Phebe,Croskey,'4219548707527556',008-39-8351,Phebe,jaganathan,0,0,2,512,'4219548707527556',008-39-8351,Phebe,Croskey,0,0,0,0
'7808678657844214',306-82-0806,Alexie,Rosabal,'7808678657844214',306-82-0860,Alexie,Rosabal,0,0,4,4,'7808678657844214',306-82-0806,Alexie,Rosabal,0,0,0,0
'7998866061625958',306-82-0806,Alexie,Rosabal,'7998866061652958',306-82-0860,Alexie,Rosabal,1,4,4,4,'7998866061625958',306-82-0806,Alexie,Rosabal,0,0,0,0
'7780229548289878',306-82-0806,Alexie,Rosabal,'7780229548289878',306-82-0860,Alexie,Rosabal,0,0,4,4,'7780229548289878',306-82-0806,Alexie,Rosabal,0,0,0,0
'5892825848969148',725-36-8539,,Tsai,'5892825848969148',725-36-8539,,Tsai,0,0,0,0,'5892825848969148',725-36-8539,,Tsai,0,0,0,0
'4789931805957284',383-73-3010,Lonn,Filloon,'4789931805957284',383-73-3010,L,Filloon,0,0,1,1,'4789931805957284',383-73-3010,Lonn,Filloon,0,0,0,0
'5518004107430101',383-73-3010,Lonn,Filloon,'5158004107430101',383-73-3010,L,Filloon,1,4,1,1,'5518004107430101',383-73-3010,Lonn,Filloon,0,0,0,0
'4018122784272781',606-70-3926,Tausha,Fendrick,'40181227842d72781',606-70-3926,Tausha,Fendrick,1,2048,0,0,'4018122784272781',606-70-3926,Tausha,Fendrick,0,0,0,0
'7544074730052685',738-24-0009,Cortina,Tyburski,'7544074730052685',738-24-0009,Cortina,Tyburski,0,0,0,0,'7544074730052685',738-24-0009,Cortina,Tyburski,0,0,0,0
'4908477404451431',460-14-4513,Darica,Baab,'4908747404451431',460-14-4513,Darica,Baab,1,4,0,0,'4908477404451431',460-14-4513,Darica,Baab,0,0,0,0
'5731839902050509',460-14-4513,Darica,Baab,'5731839902050509',460-14-4513,Darica,Baab,0,0,0,0,'5731839902050509',460-14-4513,Darica,Baab,0,0,0,0
'7810648402990731',427-12-8025,Briana,Charon,'7801648402990731',427-18-2025,Briana,Charon,1,4,4,4,'7810648402990731',427-12-8025,Briana,Charon,0,0,0,0
'4958348114370919',545-29-9431,Zonglan,Gustaff,'9458348114370919',545-29-9431,Zonglan,Gustaff,1,4,0,0,'4958348114370919',545-29-9431,Zonglan,Gustaff,0,0,0,0
'5288646307113416',221-35-3084,Tyesha,Alvarez-garrandes,'5288646307113416',221-35-3084,Tyesha,Alvarez-garrandes,0,0,0,0,'5288646307113416',221-35-3084,Tyesha,Alvarez-garrandes,0,0,0,0
'7008408543394619',704-55-5906,Marvel,Lassiter,'7008408543394169',704-55-9506,Marvel,Lassiter,1,4,4,4,'7008408543394619',704-55-5906,Marvel,Lassiter,0,0,0,0
'7751341176215284',743-90-4808,Mazo,Dingler,'7751341176215284',743-90-4808,Dingler,Mazo,0,0,3,32,'7751341176215284',743-90-4808,Mazo,Dingler,0,0,0,0
'5937564381630942',419-40-7296,Aundrey,Ebbighausen,'5937564381630942',419-40-7296,Aundrey,Ebbighausen,0,0,0,0,'5937564381630942',419-40-7296,Aundrey,Ebbighausen,0,0,0,0
'4600303931780830',709-67-9915,Darrel,Oikelome,'4600303931780830',709-67-9915,Darrel,Oikelome,0,0,0,0,'4600303931780830',709-67-9915,Darrel,Oikelome,0,0,0,0
'5556100246355932',078-24-9646,,Thagard,'5556100246355932',078-24-9646,,Thagard,0,0,0,0,'5556100246355932',078-24-9646,,Thagard,0,0,0,0
'4711939235037442',068-24-5415,,Kennedy,'4711939235037442',608-24-5415,,Kennedy,0,0,4,4,'4711939235037442',068-24-5415,,Kennedy,0,0,0,0
'4112935052234370',068-24-5415,,Kennedy,'4121935052234370',608-24-5415,,Kennedy,1,4,4,4,'4112935052234370',068-24-5415,,Kennedy,0,0,0,0
'7916866834447233',011-70-8398,Ashbel,Swarm,'7916866834447233',017-10-8398,Ashbel,Swarm,0,0,4,4,'7916866834447233',011-70-8398,Ashbel,Swarm,0,0,0,0
'5006726973211910',766-46-6816,Minnie,Bebbington,'5006726973211910',764-66-6816,Minnie,Bebbington,0,0,4,4,'5006726973211910',766-46-6816,Minnie,Bebbington,0,0,0,0
'7144316983295526',120-24-0779,Melanye,Loebig,'7144316983295526',120-24-079,Melanye,Loebig,0,0,4,2,'7144316983295526',120-24-0779,Melanye,Loebig,0,0,0,0
'4209447536857694',120-24-0779,Melanye,Loebig,'4209447536857694',120-24-079,Melanye,Loebig,0,0,4,2,'4209447536857694',120-24-0779,Melanye,Loebig,0,0,0,0
'7585675963890615',008-97-7768,Lerola,Fantozzi,'758575963890615',008-97-7768,Lerola,Fantozzi,1,2,0,0,'7585675963890615',008-97-7768,Lerola,Fantozzi,0,0,0,0
'4484747810643729',573-53-5048,,Shultz,'4484747810643729',573-53-5048,,Shultz,0,0,0,0,'4484747810643729',573-53-5048,,Shultz,0,0,0,0
'4408046508279376',573-53-5048,,Shultz,'4408046508279376',573-53-5048,,Shultz,0,0,0,0,'4408046508279376',573-53-5048,,Shultz,0,0,0,0
'4318497488355178',573-53-5048,,Shultz,'4318497488355178',573-53-5048,,Shultz,0,0,0,0,'4318497488355178',573-53-5048,,Shultz,0,0,0,0
'4044397984749418',432-67-3956,Yata,,'4044397984749418',432-67-3956,Yata,,0,0,0,0,'4044397984749418',432-67-3956,Yata,,0,0,0,0
'4089865492833904',004-35-6954,Scheila,Essex,'4089865492833904',04-35-6954,Scheila,Essex,0,0,4,128,'4089865492833904',004-35-6954,Scheila,Essex,0,0,0,0
'7693958587058847',004-35-6954,Scheila,Essex,'7693958587058847',04-35-6954,Scheila,Essex,0,0,4,128,'7693958587058847',004-35-6954,Scheila,Essex,0,0,0,0
